ecoregion,percent_trend_fit_px,percent_significant_valid_px,percent_positive_valid_px,percent_negative_valid_px,trend_asymmetry_ratio,positive_sig_trend_mean,negative_sig_trend_mean,all_sig_trend_mean,net_area_percent
40115,31.970325540533945,2.624823075796769,0.6239445556152081,2.0008785201815606,0.3118353010049761,1.3636562832180954,-1.5433993426341757,-0.9775375302504951,-1.3769339645663525
40301,52.43451649437336,3.6321357141135926,0.632786332200776,2.999349381912817,0.21097453201574676,1.3156395472008893,-1.5184484268828466,-0.8670760372505878,-2.366563049712041
40401,73.29929272517322,7.290343533487298,0.9486864896073903,6.341657043879907,0.14959599408216684,2.0916249236087388,-2.03891756538259,0.20955563696841553,-5.392970554272517
40403,20.807802926097285,1.59832664521923,0.4262962247206339,1.172030420498596,0.36372453928225024,1.3499119226352498,-1.4848190223763145,-0.26046310030884096,-0.7457341957779622
40501,12.331118250231043,1.0925053910135105,0.40487611670994145,0.6876292743035691,0.5888,2.377224556720417,-1.8217879036397664,-0.05725235255282574,0.0
40502,60.00503477138991,3.712694366899975,2.6459521786624594,1.0667421882375154,2.4804045512010116,1.4385017088307046,-1.492718532122423,0.6800298680350497,1.579209990424944
40701,88.07737432095357,12.968924074968696,2.1857654122588213,10.783158662709875,0.20270177604059522,1.7655682017432899,-2.444340262234868,-1.7256597230895099,-8.597393250451054
81003,5.073113642579553,0.27350035936675127,0.20289910380928755,0.0706012555574637,2.873873873873874,2.303801426033768,-2.7552378515387517,1.166860492930808,0.13229784825182384
81021,4.238012080526765,0.2290613022475223,0.1655591590501894,0.06350214319733291,2.607142857142857,1.3786271050325765,-1.5242654511830092,0.19664582267328054,0.10205701585285648
