ecoregion,percent_trend_fit_px,percent_significant_valid_px,percent_positive_valid_px,percent_negative_valid_px,trend_asymmetry_ratio,positive_sig_trend_mean,negative_sig_trend_mean,all_sig_trend_mean,net_area_percent
40115,18.32983552149934,2.0010737468885744,1.4638098491873688,0.5372638977012055,2.724563953488372,2.3300708555375014,-1.9905137016665948,1.0954678022523767,0.9265459514861633
40301,89.24937950312055,7.250777127159691,5.582544157690546,1.6682329694691438,3.346381626462516,2.209661398094822,-2.1491887169458193,0.76749632148382,3.9143111882214026
40401,86.2853637413395,7.78760103926097,6.263351616628175,1.5242494226327945,4.109138257575758,2.6497793038836384,-2.827159831645913,0.3786441539224748,4.739102193995381
40403,41.33822910864301,3.323973762888356,2.39407959803108,0.9298941648572759,2.5745721271393642,1.733842226102716,-1.4720076442940224,0.6969615319235719,1.464185433173804
40501,27.83193240329182,2.1982132640936496,1.534788540245566,0.6634247238480834,2.3134328358208953,2.956350873585331,-2.943499673611139,-0.36130326875858465,0.8713638163974827
40502,0.0049448647579488705,0.0008990663196270673,0.0008990663196270673,0.0,inf,1.9048050513634314,,1.9048050513634314,0.0008990663196270673
40701,94.23611590373562,15.886975125457218,12.704699839296454,3.182275286160763,3.9923321198977617,2.615814631734837,-2.9346735166328966,1.4835022077227888,9.522424553135691
81003,16.80309882267636,1.0984537688985567,0.2925817797876874,0.8058719891108694,0.36306235201262826,2.5620084921908983,-3.5991675120846773,-1.9111924675412941,-0.513290209323182
81021,5.895115626819072,0.39537643919291804,0.276687909645522,0.11868852954739603,2.3312101910828025,1.5706239160690132,-2.0906269682249805,1.0294417840875842,0.15799938009812595
